{
  "p1_r2": 1.0,
  "p1_max_rel_err": 3.893828184910515e-16,
  "p2": {
    "n_policies": 600,
    "H": 12,
    "tol": 1.0,
    "val_loss_corr_pooled": 0.30991437436165453,
    "replay_corr_pooled": 0.8413751939837026,
    "success_rate": 0.7966666666666666,
    "by_L_band": {
      "L>=1": {
        "val_loss_corr": 0.6849564993187038,
        "replay_corr": 0.757150725303222,
        "n": 233,
        "success_rate": 0.47639484978540775
      }
    }
  }
}