L,L_hat,gap_pct,ampl,rollout_free_rho,env_query_rho
0.8,0.6538504210941888,0.0,4.993810299803575,0.0,0.0
1.3,,0.0,8729.985478833158,0.0,0.0
